year,rentability
2016_17,3.111111111111111
2017_18,3.6363636363636362
2018_19,3.1847133757961785
2019_20,1.25
2020_21,3.0
