year,rentability
2016_17,2.233009708737864
2017_18,1.7543859649122806
2018_19,4.419889502762431
2019_20,5.405405405405405
2020_21,5.563689604685212
