year,rentability
2016_17,11.632270168855534
2017_18,4.285714285714286
2018_19,16.955017301038065
2019_20,34.883720930232556
2020_21,24.0
