year,rentability
2016_17,4.093567251461988
2017_18,2.575107296137339
2018_19,4.804804804804805
2019_20,6.0
2020_21,1.8927444794952681
