year,rentability
2016_17,5.7324840764331215
2017_18,0.5
2018_19,2.0785219399538106
2019_20,3.703703703703704
2020_21,3.5
